{
    "name": "root",
    "gauges": {
        "BallAgent.Policy.Entropy.mean": {
            "value": 0.357997864484787,
            "min": 0.35593414306640625,
            "max": 0.5098379254341125,
            "count": 30
        },
        "BallAgent.Policy.Entropy.sum": {
            "value": 3548.474853515625,
            "min": 3522.142578125,
            "max": 5481.77734375,
            "count": 30
        },
        "BallAgent.Step.mean": {
            "value": 299982.0,
            "min": 9947.0,
            "max": 299982.0,
            "count": 30
        },
        "BallAgent.Step.sum": {
            "value": 299982.0,
            "min": 9947.0,
            "max": 299982.0,
            "count": 30
        },
        "BallAgent.Policy.ExtrinsicValueEstimate.mean": {
            "value": -2458.682373046875,
            "min": -4874.3759765625,
            "max": -1379.8553466796875,
            "count": 30
        },
        "BallAgent.Policy.ExtrinsicValueEstimate.sum": {
            "value": -481901.75,
            "min": -770151.375,
            "max": -224916.421875,
            "count": 30
        },
        "BallAgent.Losses.PolicyLoss.mean": {
            "value": 0.24055117245323104,
            "min": 0.23905438015588013,
            "max": 0.2515039802750048,
            "count": 30
        },
        "BallAgent.Losses.PolicyLoss.sum": {
            "value": 17.560235589085867,
            "min": 6.579629732842255,
            "max": 18.789163465505602,
            "count": 30
        },
        "BallAgent.Losses.ValueLoss.mean": {
            "value": 167442.52941494022,
            "min": 9129.723774533588,
            "max": 7971707.055732507,
            "count": 30
        },
        "BallAgent.Losses.ValueLoss.sum": {
            "value": 12223304.647290636,
            "min": 675599.5593154855,
            "max": 215236090.5047777,
            "count": 30
        },
        "BallAgent.Policy.LearningRate.mean": {
            "value": 0.0001229770535282165,
            "min": 0.0001229770535282165,
            "max": 0.00029626166791277774,
            "count": 30
        },
        "BallAgent.Policy.LearningRate.sum": {
            "value": 0.008977324907559803,
            "min": 0.007999065033645,
            "max": 0.019951027549657593,
            "count": 30
        },
        "BallAgent.Policy.Epsilon.mean": {
            "value": 0.14099233150684934,
            "min": 0.14099233150684934,
            "max": 0.19875388888888892,
            "count": 30
        },
        "BallAgent.Policy.Epsilon.sum": {
            "value": 10.292440200000001,
            "min": 5.366355000000001,
            "max": 13.752054600000001,
            "count": 30
        },
        "BallAgent.Policy.Beta.mean": {
            "value": 0.0005,
            "min": 0.0005,
            "max": 0.0005000000000000001,
            "count": 30
        },
        "BallAgent.Policy.Beta.sum": {
            "value": 0.036500000000000005,
            "min": 0.013500000000000002,
            "max": 0.038500000000000006,
            "count": 30
        },
        "BallAgent.Environment.EpisodeLength.mean": {
            "value": 119.94252873563218,
            "min": 119.94252873563218,
            "max": 1216.0,
            "count": 30
        },
        "BallAgent.Environment.EpisodeLength.sum": {
            "value": 10435.0,
            "min": 1075.0,
            "max": 31122.0,
            "count": 30
        },
        "BallAgent.Environment.CumulativeReward.mean": {
            "value": -6933.636363636364,
            "min": -54770.0,
            "max": -2368.235294117647,
            "count": 30
        },
        "BallAgent.Environment.CumulativeReward.sum": {
            "value": -610160.0,
            "min": -1582180.0,
            "max": -40260.0,
            "count": 30
        },
        "BallAgent.Policy.ExtrinsicReward.mean": {
            "value": -6933.636363636364,
            "min": -54770.0,
            "max": -2368.235294117647,
            "count": 30
        },
        "BallAgent.Policy.ExtrinsicReward.sum": {
            "value": -610160.0,
            "min": -1582180.0,
            "max": -40260.0,
            "count": 30
        },
        "BallAgent.IsTraining.mean": {
            "value": 1.0,
            "min": 1.0,
            "max": 1.0,
            "count": 30
        },
        "BallAgent.IsTraining.sum": {
            "value": 1.0,
            "min": 1.0,
            "max": 1.0,
            "count": 30
        }
    },
    "metadata": {
        "timer_format_version": "0.1.0",
        "start_time_seconds": "1693910844",
        "python_version": "3.9.13 (tags/v3.9.13:6de2ca5, May 17 2022, 16:36:42) [MSC v.1929 64 bit (AMD64)]",
        "command_line_arguments": "C:\\NamiqDev\\Assets\\Unity-MLAgents\\Unity-MLAgents\\venv\\Scripts\\mlagents-learn config/BallAgent.yaml --initialize-from=TestParameters6 --run-id=TestParameters8",
        "mlagents_version": "0.30.0",
        "mlagents_envs_version": "0.30.0",
        "communication_protocol_version": "1.5.0",
        "pytorch_version": "2.0.1+cpu",
        "numpy_version": "1.21.2",
        "end_time_seconds": "1693911125"
    },
    "total": 281.065669,
    "count": 1,
    "self": 0.013835000000028685,
    "children": {
        "run_training.setup": {
            "total": 0.061864800000000164,
            "count": 1,
            "self": 0.061864800000000164
        },
        "TrainerController.start_learning": {
            "total": 280.98996919999996,
            "count": 1,
            "self": 0.19898530000187975,
            "children": {
                "TrainerController._reset_env": {
                    "total": 5.8372672,
                    "count": 1,
                    "self": 5.8372672
                },
                "TrainerController.advance": {
                    "total": 274.8695234999981,
                    "count": 13842,
                    "self": 0.18500669999400543,
                    "children": {
                        "env_step": {
                            "total": 65.54628120000265,
                            "count": 13842,
                            "self": 59.25437130000238,
                            "children": {
                                "SubprocessEnvManager._take_step": {
                                    "total": 6.181577799999298,
                                    "count": 13842,
                                    "self": 0.5983861999976616,
                                    "children": {
                                        "TorchPolicy.evaluate": {
                                            "total": 5.583191600001636,
                                            "count": 12757,
                                            "self": 5.583191600001636
                                        }
                                    }
                                },
                                "workers": {
                                    "total": 0.11033210000096982,
                                    "count": 13841,
                                    "self": 0.0,
                                    "children": {
                                        "worker_root": {
                                            "total": 271.8509834999991,
                                            "count": 13841,
                                            "is_parallel": true,
                                            "self": 228.44085829999932,
                                            "children": {
                                                "steps_from_proto": {
                                                    "total": 0.0002710999999999686,