{
    "name": "root",
    "gauges": {
        "BallAgent.Policy.Entropy.mean": {
            "value": 0.9635776877403259,
            "min": 0.9622061252593994,
            "max": 1.1835401058197021,
            "count": 50
        },
        "BallAgent.Policy.Entropy.sum": {
            "value": 9620.359375,
            "min": 9606.666015625,
            "max": 12199.931640625,
            "count": 50
        },
        "BallAgent.Step.mean": {
            "value": 499972.0,
            "min": 9961.0,
            "max": 499972.0,
            "count": 50
        },
        "BallAgent.Step.sum": {
            "value": 499972.0,
            "min": 9961.0,
            "max": 499972.0,
            "count": 50
        },
        "BallAgent.Policy.ExtrinsicValueEstimate.mean": {
            "value": -0.003892688313499093,
            "min": -1.7360668182373047,
            "max": 0.9966108202934265,
            "count": 50
        },
        "BallAgent.Policy.ExtrinsicValueEstimate.sum": {
            "value": -0.6072593927383423,
            "min": -284.7149658203125,
            "max": 160.454345703125,
            "count": 50
        },
        "BallAgent.Losses.PolicyLoss.mean": {
            "value": 0.25244563147384014,
            "min": 0.23912068343214402,
            "max": 0.25244563147384014,
            "count": 50
        },
        "BallAgent.Losses.PolicyLoss.sum": {
            "value": 19.69075925495953,
            "min": 11.52797851867941,
            "max": 19.69075925495953,
            "count": 50
        },
        "BallAgent.Losses.ValueLoss.mean": {
            "value": 0.0029343058141502966,
            "min": 0.0029343058141502966,
            "max": 0.5390785744456315,
            "count": 50
        },
        "BallAgent.Losses.ValueLoss.sum": {
            "value": 0.22887585350372314,
            "min": 0.22887585350372314,
            "max": 31.15228281492522,
            "count": 50
        },
        "BallAgent.Policy.LearningRate.mean": {
            "value": 3.0120989960000005e-06,
            "min": 3.0120989960000005e-06,
            "max": 0.00029650287507875216,
            "count": 50
        },
        "BallAgent.Policy.LearningRate.sum": {
            "value": 0.00023494372168800004,
            "min": 0.00023494372168800004,
            "max": 0.0203579692140106,
            "count": 50
        },
        "BallAgent.Policy.Epsilon.mean": {
            "value": 0.101004,
            "min": 0.101004,
            "max": 0.19883429130434785,
            "count": 50
        },
        "BallAgent.Policy.Epsilon.sum": {
            "value": 7.878312,
            "min": 7.878312,
            "max": 14.5859894,
            "count": 50
        },
        "BallAgent.Policy.Beta.mean": {
            "value": 0.0005000000000000001,
            "min": 0.0005,
            "max": 0.0005000000000000001,
            "count": 50
        },
        "BallAgent.Policy.Beta.sum": {
            "value": 0.03900000000000001,
            "min": 0.023000000000000007,
            "max": 0.03950000000000001,
            "count": 50
        },
        "BallAgent.Environment.EpisodeLength.mean": {
            "value": 4363.0,
            "min": 207.0,
            "max": 5863.727272727273,
            "count": 43
        },
        "BallAgent.Environment.EpisodeLength.sum": {
            "value": 4363.0,
            "min": 207.0,
            "max": 64501.0,
            "count": 43
        },
        "BallAgent.Environment.CumulativeReward.mean": {
            "value": -10.0,
            "min": -10.0,
            "max": 10.0,
            "count": 43
        },
        "BallAgent.Environment.CumulativeReward.sum": {
            "value": -10.0,
            "min": -160.0,
            "max": 70.0,
            "count": 43
        },
        "BallAgent.Policy.ExtrinsicReward.mean": {
            "value": -10.0,
            "min": -10.0,
            "max": 10.0,
            "count": 43
        },
        "BallAgent.Policy.ExtrinsicReward.sum": {
            "value": -10.0,
            "min": -160.0,
            "max": 70.0,
            "count": 43
        },
        "BallAgent.IsTraining.mean": {
            "value": 1.0,
            "min": 1.0,
            "max": 1.0,
            "count": 50
        },
        "BallAgent.IsTraining.sum": {
            "value": 1.0,
            "min": 1.0,
            "max": 1.0,
            "count": 50
        }
    },
    "metadata": {
        "timer_format_version": "0.1.0",
        "start_time_seconds": "1693906903",
        "python_version": "3.9.13 (tags/v3.9.13:6de2ca5, May 17 2022, 16:36:42) [MSC v.1929 64 bit (AMD64)]",
        "command_line_arguments": "C:\\NamiqDev\\Assets\\Unity-MLAgents\\Unity-MLAgents\\venv\\Scripts\\mlagents-learn config/BallAgent.yaml --initialize-from=TestParameters --run-id=TestParameters2",
        "mlagents_version": "0.30.0",
        "mlagents_envs_version": "0.30.0",
        "communication_protocol_version": "1.5.0",
        "pytorch_version": "2.0.1+cpu",
        "numpy_version": "1.21.2",
        "end_time_seconds": "1693907405"
    },
    "total": 501.3949356,
    "count": 1,
    "self": 0.014965700000004745,
    "children": {
        "run_training.setup": {
            "total": 0.07108559999999997,
            "count": 1,
            "self": 0.07108559999999997
        },
        "TrainerController.start_learning": {
            "total": 501.3088843,
            "count": 1,
            "self": 0.5591841999989811,
            "children": {
                "TrainerController._reset_env": {
                    "total": 6.5792073,
                    "count": 1,
                    "self": 6.5792073
                },
                "TrainerController.advance": {
                    "total": 494.14657830000095,
                    "count": 41880,
                    "self": 0.48586529999420236,
                    "children": {
                        "env_step": {
                            "total": 165.5607246000016,
                            "count": 41880,
                            "self": 146.47171870000307,
                            "children": {
                                "SubprocessEnvManager._take_step": {
                                    "total": 18.75709590000032,
                                    "count": 41880,
                                    "self": 1.7760961000009736,
                                    "children": {
                                        "TorchPolicy.evaluate": {
                                            "total": 16.980999799999346,
                                            "count": 41700,
                                            "self": 16.980999799999346
                                        }
                                    }
                                },
                                "workers": {
                                    "total": 0.3319099999982047,
                                    "count": 41880,
                                    "self": 0.0,
                                    "children": {
                                        "worker_root": {
                                            "total": 494.0202876999991,
                                            "count": 41880,
                                            "is_parallel": true,
                                            "self": 378.5365702999994,
                                            "children": {
                                                "steps_from_proto": {
                                                    "total": 0.00023660000000003123,
                                                    "count": 1,
                                                    "is_parallel": true,