{
    "name": "root",
    "gauges": {
        "TankAgent.Policy.Entropy.mean": {
            "value": 2.621055841445923,
            "min": 1.444125771522522,
            "max": 2.621055841445923,
            "count": 27
        },
        "TankAgent.Policy.Entropy.sum": {
            "value": 25704.6953125,
            "min": 13930.7900390625,
            "max": 26259.265625,
            "count": 27
        },
        "TankAgent.Step.mean": {
            "value": 269938.0,
            "min": 9976.0,
            "max": 269938.0,
            "count": 27
        },
        "TankAgent.Step.sum": {
            "value": 269938.0,
            "min": 9976.0,
            "max": 269938.0,
            "count": 27
        },
        "TankAgent.Policy.ExtrinsicValueEstimate.mean": {
            "value": -0.1390063762664795,
            "min": -14.72404670715332,
            "max": 23.103084564208984,
            "count": 27
        },
        "TankAgent.Policy.ExtrinsicValueEstimate.sum": {
            "value": -21.684995651245117,
            "min": -2326.3994140625,
            "max": 3673.390380859375,
            "count": 27
        },
        "TankAgent.Losses.PolicyLoss.mean": {
            "value": 0.34291073907558706,
            "min": 0.3043956616013291,
            "max": 0.40648788219972154,
            "count": 27
        },
        "TankAgent.Losses.PolicyLoss.sum": {
            "value": 25.375394691593442,
            "min": 4.569250402694159,
            "max": 30.486591164979114,
            "count": 27
        },
        "TankAgent.Losses.ValueLoss.mean": {
            "value": 0.19074129787785563,
            "min": 0.1824926630404871,
            "max": 96.21033209565041,
            "count": 27
        },
        "TankAgent.Losses.ValueLoss.sum": {
            "value": 14.114856042961316,
            "min": 13.686949728036534,
            "max": 4810.5166047825205,
            "count": 27
        },
        "TankAgent.Policy.LearningRate.mean": {
            "value": 0.00014099820435196757,
            "min": 0.00014099820435196757,
            "max": 0.0002965203011599,
            "count": 27
        },
        "TankAgent.Policy.LearningRate.sum": {
            "value": 0.0104338671220456,
            "min": 0.0041512842162386,
            "max": 0.014075153708282802,
            "count": 27
        },
        "TankAgent.Policy.Epsilon.mean": {
            "value": 0.1469993837837838,
            "min": 0.1469993837837838,
            "max": 0.1988401,
            "count": 27
        },
        "TankAgent.Policy.Epsilon.sum": {
            "value": 10.8779544,
            "min": 2.7837614,
            "max": 11.625449799999998,
            "count": 27
        },
        "TankAgent.Policy.Beta.mean": {
            "value": 0.0005000000000000001,
            "min": 0.0005,
            "max": 0.0005000000000000002,
            "count": 27
        },
        "TankAgent.Policy.Beta.sum": {
            "value": 0.037000000000000005,
            "min": 0.007000000000000003,
            "max": 0.037500000000000006,
            "count": 27
        },
        "TankAgent.Environment.EpisodeLength.mean": {
            "value": 1057.5,
            "min": 99.6,
            "max": 5090.5,
            "count": 23
        },
        "TankAgent.Environment.EpisodeLength.sum": {
            "value": 2115.0,
            "min": 317.0,
            "max": 55781.0,
            "count": 23
        },
        "TankAgent.Environment.CumulativeReward.mean": {
            "value": 100.0,
            "min": -1.0,
            "max": 100.0,
            "count": 23
        },
        "TankAgent.Environment.CumulativeReward.sum": {
            "value": 200.0,
            "min": -6.0,
            "max": 500.0,
            "count": 23
        },
        "TankAgent.Policy.ExtrinsicReward.mean": {
            "value": 100.0,
            "min": -1.0,
            "max": 100.0,
            "count": 23
        },
        "TankAgent.Policy.ExtrinsicReward.sum": {
            "value": 200.0,
            "min": -6.0,
            "max": 500.0,
            "count": 23
        },
        "TankAgent.IsTraining.mean": {
            "value": 1.0,
            "min": 1.0,
            "max": 1.0,
            "count": 27
        },
        "TankAgent.IsTraining.sum": {
            "value": 1.0,
            "min": 1.0,
            "max": 1.0,
            "count": 27
        }
    },
    "metadata": {
        "timer_format_version": "0.1.0",
        "start_time_seconds": "1695373293",
        "python_version": "3.9.13 (tags/v3.9.13:6de2ca5, May 17 2022, 16:36:42) [MSC v.1929 64 bit (AMD64)]",
        "command_line_arguments": "C:\\NamiqDev\\Assets\\Unity-MLAgents\\Unity-MLAgents\\venv\\Scripts\\mlagents-learn config/TankAgent.yaml --run-id=TankAgent",
        "mlagents_version": "0.30.0",
        "mlagents_envs_version": "0.30.0",
        "communication_protocol_version": "1.5.0",
        "pytorch_version": "2.0.1+cpu",
        "numpy_version": "1.21.2",
        "end_time_seconds": "1695373705"
    },
    "total": 412.5071247,
    "count": 1,
    "self": 0.005125899999995909,
    "children": {
        "run_training.setup": {
            "total": 0.061109599999999986,
            "count": 1,
            "self": 0.061109599999999986
        },
        "TrainerController.start_learning": {
            "total": 412.4408892,
            "count": 1,
            "self": 0.19404169999950227,
            "children": {
                "TrainerController._reset_env": {
                    "total": 5.732193199999999,
                    "count": 1,
                    "self": 5.732193199999999
                },
                "TrainerController.advance": {
                    "total": 406.43740280000054,
                    "count": 13096,
                    "self": 0.18182080000087808,
                    "children": {
                        "env_step": {
                            "total": 203.6064385999999,
                            "count": 13096,
                            "self": 194.8076180999976,
                            "children": {
                                "SubprocessEnvManager._take_step": {
                                    "total": 8.68448390000182,
                                    "count": 13096,
                                    "self": 0.6608616000046457,
                                    "children": {
                                        "TorchPolicy.evaluate": {
                                            "total": 8.023622299997175,
                                            "count": 13031,
                                            "self": 8.023622299997175
                                        }
                                    }
                                },
                                "workers": {
                                    "total": 0.11433660000047752,
                                    "count": 13095,
                                    "self": 0.0,
                                    "children": {
                                        "worker_root": {
                                            "total": 403.42346450000224,
                                            "count": 13095,
                                            "is_parallel": true,
                                            "self": 223.90390060000368,
                                            "children": {
                                                "steps_from_proto": {
                                                    "total": 0.0004606999999996475,
                                                    "count": 1,
                                                    "is_parallel": true,