{
    "name": "root",
    "gauges": {
        "TankAgent.Policy.Entropy.mean": {
            "value": 1.0480643510818481,
            "min": 1.0480643510818481,
            "max": 1.4114993810653687,
            "count": 50
        },
        "TankAgent.Policy.Entropy.sum": {
            "value": 10514.181640625,
            "min": 10380.740234375,
            "max": 14837.681640625,
            "count": 50
        },
        "TankAgent.Step.mean": {
            "value": 499989.0,
            "min": 9993.0,
            "max": 499989.0,
            "count": 50
        },
        "TankAgent.Step.sum": {
            "value": 499989.0,
            "min": 9993.0,
            "max": 499989.0,
            "count": 50
        },
        "TankAgent.Policy.ExtrinsicValueEstimate.mean": {
            "value": -0.08609210699796677,
            "min": -0.23287172615528107,
            "max": 2.818376064300537,
            "count": 50
        },
        "TankAgent.Policy.ExtrinsicValueEstimate.sum": {
            "value": -13.774737358093262,
            "min": -38.42383575439453,
            "max": 476.3055419921875,
            "count": 50
        },
        "TankAgent.Losses.PolicyLoss.mean": {
            "value": 0.24470530201748614,
            "min": 0.23908432459796392,
            "max": 0.2535231257274692,
            "count": 50
        },
        "TankAgent.Losses.PolicyLoss.sum": {
            "value": 19.331718859381404,
            "min": 13.404835615078255,
            "max": 19.7748038067426,
            "count": 50
        },
        "TankAgent.Losses.ValueLoss.mean": {
            "value": 0.0024512147344372915,
            "min": 0.0010160371403377434,
            "max": 0.9613657735614958,
            "count": 50
        },
        "TankAgent.Losses.ValueLoss.sum": {
            "value": 0.19364596402054604,
            "min": 0.07925089694634398,
            "max": 51.91375177232077,
            "count": 50
        },
        "TankAgent.Policy.LearningRate.mean": {
            "value": 2.9949192548911397e-06,
            "min": 2.9949192548911397e-06,
            "max": 0.0002961031235211815,
            "count": 50
        },
        "TankAgent.Policy.LearningRate.sum": {
            "value": 0.00023659862113640005,
            "min": 0.00023659862113640005,
            "max": 0.022405001631666196,
            "count": 50
        },
        "TankAgent.Policy.Epsilon.mean": {
            "value": 0.10099827341772151,
            "min": 0.10099827341772151,
            "max": 0.19870104074074077,
            "count": 50
        },
        "TankAgent.Policy.Epsilon.sum": {
            "value": 7.9788635999999995,
            "min": 7.8732458,
            "max": 15.168333800000003,
            "count": 50
        },
        "TankAgent.Policy.Beta.mean": {
            "value": 0.0005000000000000001,
            "min": 0.0005,
            "max": 0.0005000000000000001,
            "count": 50
        },
        "TankAgent.Policy.Beta.sum": {
            "value": 0.03950000000000001,
            "min": 0.027000000000000003,
            "max": 0.03950000000000001,
            "count": 50
        },
        "TankAgent.Environment.EpisodeLength.mean": {
            "value": 809.0,
            "min": 340.7083333333333,
            "max": 2088.9,
            "count": 50
        },
        "TankAgent.Environment.EpisodeLength.sum": {
            "value": 4854.0,
            "min": 4097.0,
            "max": 20889.0,
            "count": 50
        },
        "TankAgent.Environment.CumulativeReward.mean": {
            "value": -1.0,
            "min": -1.0,
            "max": -0.5714285714285714,
            "count": 50
        },
        "TankAgent.Environment.CumulativeReward.sum": {
            "value": -6.0,
            "min": -18.0,
            "max": -3.0,
            "count": 50
        },
        "TankAgent.Policy.ExtrinsicReward.mean": {
            "value": -1.0,
            "min": -1.0,
            "max": -0.5714285714285714,
            "count": 50
        },
        "TankAgent.Policy.ExtrinsicReward.sum": {
            "value": -6.0,
            "min": -18.0,
            "max": -3.0,
            "count": 50
        },
        "TankAgent.IsTraining.mean": {
            "value": 1.0,
            "min": 1.0,
            "max": 1.0,
            "count": 50
        },
        "TankAgent.IsTraining.sum": {
            "value": 1.0,
            "min": 1.0,
            "max": 1.0,
            "count": 50
        }
    },
    "metadata": {
        "timer_format_version": "0.1.0",
        "start_time_seconds": "1701241358",
        "python_version": "3.7.9 (tags/v3.7.9:13c94747c7, Aug 17 2020, 18:58:18) [MSC v.1900 64 bit (AMD64)]",
        "command_line_arguments": "C:\\Users\\namig.huseynov\\Documents\\NamiqDev\\Assets\\Unity-MLAgents\\Unity-MLAgents\\venv\\Scripts\\mlagents-learn config/TankAgent.yaml --run-id=TankAgent1",
        "mlagents_version": "0.29.0",
        "mlagents_envs_version": "0.29.0",
        "communication_protocol_version": "1.5.0",
        "pytorch_version": "1.7.0+cu110",
        "numpy_version": "1.21.2",
        "end_time_seconds": "1701242495"
    },
    "total": 1137.3252733000002,
    "count": 1,
    "self": 0.0056490000001758744,
    "children": {
        "run_training.setup": {
            "total": 0.05257880000000004,
            "count": 1,
            "self": 0.05257880000000004
        },
        "TrainerController.start_learning": {
            "total": 1137.2670455,
            "count": 1,
            "self": 0.6357218000209741,
            "children": {
                "TrainerController._reset_env": {
                    "total": 4.6773543,
                    "count": 1,
                    "self": 4.6773543
                },
                "TrainerController.advance": {
                    "total": 1131.927421899979,
                    "count": 42072,
                    "self": 0.6266684999618519,
                    "children": {
                        "env_step": {
                            "total": 525.7104860000109,
                            "count": 42072,
                            "self": 464.0332051000215,
                            "children": {
                                "SubprocessEnvManager._take_step": {
                                    "total": 61.32884689998618,
                                    "count": 42072,
                                    "self": 1.997954199976654,
                                    "children": {
                                        "TorchPolicy.evaluate": {
                                            "total": 59.33089270000953,
                                            "count": 41697,
                                            "self": 38.09171860000913,
                                            "children": {
                                                "TorchPolicy.sample_actions": {
                                                    "total": 21.239174100000398,
                                                    "count": 41697,
                                                    "self": 21.239174100000398
                                                }
                                            }
                                        }
                                    }
                                },
                                "workers": {
                                    "total": 0.3484340000031674,
                                    "count": 42072,
                                    "self": 0.0,
                                    "children": {
                                        "worker_root": {
                                            "total": 1132.459256699997,