{
    "name": "root",
    "gauges": {
        "BallAgent.Policy.Entropy.mean": {
            "value": 0.519332230091095,
            "min": 0.5174930095672607,
            "max": 0.7056035399436951,
            "count": 50
        },
        "BallAgent.Policy.Entropy.sum": {
            "value": 5197.47705078125,
            "min": 5125.798828125,
            "max": 7482.64697265625,
            "count": 50
        },
        "BallAgent.Environment.EpisodeLength.mean": {
            "value": 3627.0,
            "min": 146.41176470588235,
            "max": 4684.0,
            "count": 42
        },
        "BallAgent.Environment.EpisodeLength.sum": {
            "value": 7254.0,
            "min": 590.0,
            "max": 28104.0,
            "count": 42
        },
        "BallAgent.Step.mean": {
            "value": 499999.0,
            "min": 9940.0,
            "max": 499999.0,
            "count": 50
        },
        "BallAgent.Step.sum": {
            "value": 499999.0,
            "min": 9940.0,
            "max": 499999.0,
            "count": 50
        },
        "BallAgent.Policy.ExtrinsicValueEstimate.mean": {
            "value": -0.21586647629737854,
            "min": -1.424072265625,
            "max": 0.29640084505081177,
            "count": 50
        },
        "BallAgent.Policy.ExtrinsicValueEstimate.sum": {
            "value": -33.89103698730469,
            "min": -232.123779296875,
            "max": 51.27734375,
            "count": 50
        },
        "BallAgent.Environment.CumulativeReward.mean": {
            "value": -10.0,
            "min": -10.0,
            "max": 10.0,
            "count": 42
        },
        "BallAgent.Environment.CumulativeReward.sum": {
            "value": -20.0,
            "min": -140.0,
            "max": 40.0,
            "count": 42
        },
        "BallAgent.Policy.ExtrinsicReward.mean": {
            "value": -10.0,
            "min": -10.0,
            "max": 10.0,
            "count": 42
        },
        "BallAgent.Policy.ExtrinsicReward.sum": {
            "value": -20.0,
            "min": -140.0,
            "max": 40.0,
            "count": 42
        },
        "BallAgent.Losses.PolicyLoss.mean": {
            "value": 0.24152185537465223,
            "min": 0.2385024658508955,
            "max": 0.25434323614107834,
            "count": 50
        },
        "BallAgent.Losses.PolicyLoss.sum": {
            "value": 17.148051731600308,
            "min": 10.896126451958128,
            "max": 19.54685723921035,
            "count": 50
        },
        "BallAgent.Losses.ValueLoss.mean": {
            "value": 0.29570340427964253,
            "min": 0.0013574628873573916,
            "max": 0.8048152549019885,
            "count": 50
        },
        "BallAgent.Losses.ValueLoss.sum": {
            "value": 20.99494170385462,
            "min": 0.09773732788973219,
            "max": 51.275709258182154,
            "count": 50
        },
        "BallAgent.Policy.LearningRate.mean": {
            "value": 2.9672680250281684e-06,
            "min": 2.9672680250281684e-06,
            "max": 0.00029631287850176815,
            "count": 50
        },
        "BallAgent.Policy.LearningRate.sum": {
            "value": 0.00021067602977699996,
            "min": 0.00021067602977699996,
            "max": 0.020951844816051796,
            "count": 50
        },
        "BallAgent.Policy.Epsilon.mean": {
            "value": 0.10098905633802818,
            "min": 0.10098905633802818,
            "max": 0.1987709590909091,
            "count": 50
        },
        "BallAgent.Policy.Epsilon.sum": {
            "value": 7.170223000000001,
            "min": 6.9285096,
            "max": 14.2830186,
            "count": 50
        },
        "BallAgent.Policy.Beta.mean": {
            "value": 0.0005,
            "min": 0.0005,
            "max": 0.0005000000000000001,
            "count": 50
        },
        "BallAgent.Policy.Beta.sum": {
            "value": 0.035500000000000004,
            "min": 0.022000000000000006,
            "max": 0.03950000000000001,
            "count": 50
        },
        "BallAgent.IsTraining.mean": {
            "value": 1.0,
            "min": 1.0,
            "max": 1.0,
            "count": 50
        },
        "BallAgent.IsTraining.sum": {
            "value": 1.0,
            "min": 1.0,
            "max": 1.0,
            "count": 50
        }
    },
    "metadata": {
        "timer_format_version": "0.1.0",
        "start_time_seconds": "1693908951",
        "python_version": "3.9.13 (tags/v3.9.13:6de2ca5, May 17 2022, 16:36:42) [MSC v.1929 64 bit (AMD64)]",
        "command_line_arguments": "C:\\NamiqDev\\Assets\\Unity-MLAgents\\Unity-MLAgents\\venv\\Scripts\\mlagents-learn config/BallAgent.yaml --initialize-from=TestParameters5 --run-id=TestParameters6",
        "mlagents_version": "0.30.0",
        "mlagents_envs_version": "0.30.0",
        "communication_protocol_version": "1.5.0",
        "pytorch_version": "2.0.1+cpu",
        "numpy_version": "1.21.2",
        "end_time_seconds": "1693909428"
    },
    "total": 477.3298469,
    "count": 1,
    "self": 0.014686899999958314,
    "children": {
        "run_training.setup": {
            "total": 0.076789,
            "count": 1,
            "self": 0.076789
        },
        "TrainerController.start_learning": {
            "total": 477.23837100000003,
            "count": 1,
            "self": 0.30920119999791496,
            "children": {
                "TrainerController._reset_env": {
                    "total": 5.0979405,
                    "count": 1,
                    "self": 5.0979405
                },
                "TrainerController.advance": {
                    "total": 471.80759480000216,
                    "count": 21076,
                    "self": 0.2605771999978401,
                    "children": {
                        "env_step": {
                            "total": 99.74922840000173,
                            "count": 21076,
                            "self": 89.20692279999768,
                            "children": {
                                "SubprocessEnvManager._take_step": {
                                    "total": 10.373726900000555,
                                    "count": 21076,
                                    "self": 0.9625584000024254,
                                    "children": {
                                        "TorchPolicy.evaluate": {
                                            "total": 9.41116849999813,
                                            "count": 20868,
                                            "self": 9.41116849999813
                                        }
                                    }
                                },
                                "workers": {
                                    "total": 0.16857870000348196,
                                    "count": 21076,
                                    "self": 0.0,
                                    "children": {
                                        "worker_root": {
                                            "total": 471.7147008999991,
                                            "count": 21076,
                                            "is_parallel": true,
                                            "self": 402.85756979999434,
                                            "children": {
                                                "steps_from_proto": {
                                                    "total": 0.0002881999999999607,
                                                    "count": 1,
                                                    "is_parallel": true,