{
    "name": "root",
    "gauges": {
        "MoveToTarget.Policy.Entropy.mean": {
            "value": 1.3603609800338745,
            "min": 1.3603609800338745,
            "max": 1.4187140464782715,
            "count": 5
        },
        "MoveToTarget.Policy.Entropy.sum": {
            "value": 68076.546875,
            "min": 68076.546875,
            "max": 70983.9375,
            "count": 5
        },
        "MoveToTarget.Environment.EpisodeLength.mean": {
            "value": 1034.955357142857,
            "min": 80.64268585131894,
            "max": 1034.955357142857,
            "count": 4
        },
        "MoveToTarget.Environment.EpisodeLength.sum": {
            "value": 115915.0,
            "min": 33628.0,
            "max": 115915.0,
            "count": 4
        },
        "MoveToTarget.Step.mean": {
            "value": 249997.0,
            "min": 49970.0,
            "max": 249997.0,
            "count": 5
        },
        "MoveToTarget.Step.sum": {
            "value": 249997.0,
            "min": 49970.0,
            "max": 249997.0,
            "count": 5
        },
        "MoveToTarget.Policy.ExtrinsicValueEstimate.mean": {
            "value": 0.8120757937431335,
            "min": -0.8781093955039978,
            "max": 1.6292427778244019,
            "count": 5
        },
        "MoveToTarget.Policy.ExtrinsicValueEstimate.sum": {
            "value": 684.5798950195312,
            "min": -927.2835083007812,
            "max": 1850.81982421875,
            "count": 5
        },
        "MoveToTarget.Environment.CumulativeReward.mean": {
            "value": 7.857142857142857,
            "min": -5.147058823529412,
            "max": 8.225419664268586,
            "count": 4
        },
        "MoveToTarget.Environment.CumulativeReward.sum": {
            "value": 880.0,
            "min": -2100.0,
            "max": 3430.0,
            "count": 4
        },
        "MoveToTarget.Policy.ExtrinsicReward.mean": {
            "value": 7.857142857142857,
            "min": -5.147058823529412,
            "max": 8.225419664268586,
            "count": 4
        },
        "MoveToTarget.Policy.ExtrinsicReward.sum": {
            "value": 880.0,
            "min": -2100.0,
            "max": 3430.0,
            "count": 4
        },
        "MoveToTarget.Losses.PolicyLoss.mean": {
            "value": 0.026415600078180435,
            "min": 0.022733593641896734,
            "max": 0.026415600078180435,
            "count": 5
        },
        "MoveToTarget.Losses.PolicyLoss.sum": {
            "value": 0.13207800039090217,
            "min": 0.09093437456758693,
            "max": 0.13207800039090217,
            "count": 5
        },
        "MoveToTarget.Losses.ValueLoss.mean": {
            "value": 0.7439725340472069,
            "min": 0.003835364892923583,
            "max": 3.6432738641897835,
            "count": 5
        },
        "MoveToTarget.Losses.ValueLoss.sum": {
            "value": 3.7198626702360342,
            "min": 0.019176824464617916,
            "max": 14.573095456759134,
            "count": 5
        },
        "MoveToTarget.Policy.LearningRate.mean": {
            "value": 0.00016422856525716,
            "min": 0.00016422856525716,
            "max": 0.00028457580514139997,
            "count": 5
        },
        "MoveToTarget.Policy.LearningRate.sum": {
            "value": 0.0008211428262858,
            "min": 0.0008211428262858,
            "max": 0.0012841890719370002,
            "count": 5
        },
        "MoveToTarget.Policy.Epsilon.mean": {
            "value": 0.15474284,
            "min": 0.15474284,
            "max": 0.1948586,
            "count": 5
        },
        "MoveToTarget.Policy.Epsilon.sum": {
            "value": 0.7737142,
            "min": 0.7737142,
            "max": 0.9280630000000002,
            "count": 5
        },
        "MoveToTarget.Policy.Beta.mean": {
            "value": 0.002741667716,
            "min": 0.002741667716,
            "max": 0.004743444140000001,
            "count": 5
        },
        "MoveToTarget.Policy.Beta.sum": {
            "value": 0.01370833858,
            "min": 0.01370833858,
            "max": 0.0214103437,
            "count": 5
        },
        "MoveToTarget.IsTraining.mean": {
            "value": 1.0,
            "min": 1.0,
            "max": 1.0,
            "count": 5
        },
        "MoveToTarget.IsTraining.sum": {
            "value": 1.0,
            "min": 1.0,
            "max": 1.0,
            "count": 5
        }
    },
    "metadata": {
        "timer_format_version": "0.1.0",
        "start_time_seconds": "1693822486",
        "python_version": "3.9.13 (tags/v3.9.13:6de2ca5, May 17 2022, 16:36:42) [MSC v.1929 64 bit (AMD64)]",
        "command_line_arguments": "C:\\NamiqDev\\Assets\\Unity-MLAgents\\Unity-MLAgents\\venv\\Scripts\\mlagents-learn --run-id=Test2",
        "mlagents_version": "0.30.0",
        "mlagents_envs_version": "0.30.0",
        "communication_protocol_version": "1.5.0",
        "pytorch_version": "2.0.1+cpu",
        "numpy_version": "1.21.2",
        "end_time_seconds": "1693823621"
    },
    "total": 1135.8619176,
    "count": 1,
    "self": 0.0038774999998167914,
    "children": {
        "run_training.setup": {
            "total": 0.019487299999999985,
            "count": 1,
            "self": 0.019487299999999985
        },
        "TrainerController.start_learning": {
            "total": 1135.8385528000001,
            "count": 1,
            "self": 3.3865757999931247,
            "children": {
                "TrainerController._reset_env": {
                    "total": 6.136392900000001,
                    "count": 1,
                    "self": 6.136392900000001
                },
                "TrainerController.advance": {
                    "total": 1126.240390700007,
                    "count": 298032,
                    "self": 3.1646344999855955,
                    "children": {
                        "env_step": {
                            "total": 1079.20363290001,
                            "count": 298032,
                            "self": 950.8782600000206,
                            "children": {
                                "SubprocessEnvManager._take_step": {
                                    "total": 125.89618779999006,
                                    "count": 298032,
                                    "self": 11.379155699972273,
                                    "children": {
                                        "TorchPolicy.evaluate": {
                                            "total": 114.51703210001779,
                                            "count": 297097,
                                            "self": 114.51703210001779
                                        }
                                    }
                                },
                                "workers": {
                                    "total": 2.429185099999252,
                                    "count": 298031,
                                    "self": 0.0,
                                    "children": {
                                        "worker_root": {
                                            "total": 1118.6450353000146,
                                            "count": 298031,
                                            "is_parallel": true,
                                            "self": 336.99922620006396,
                                            "children": {
                                                "steps_from_proto": {
                                                    "total": 0.00023999999999979593,