{
    "name": "root",
    "gauges": {
        "MoveToTarget.Policy.Entropy.mean": {
            "value": 1.383610725402832,
            "min": 1.383610725402832,
            "max": 1.4157317876815796,
            "count": 5
        },
        "MoveToTarget.Policy.Entropy.sum": {
            "value": 69053.2421875,
            "min": 69053.2421875,
            "max": 71013.109375,
            "count": 5
        },
        "MoveToTarget.Environment.EpisodeLength.mean": {
            "value": 118.0028653295129,
            "min": 3.1751002004008018,
            "max": 118.0028653295129,
            "count": 5
        },
        "MoveToTarget.Environment.EpisodeLength.sum": {
            "value": 41183.0,
            "min": 38025.0,
            "max": 44718.0,
            "count": 5
        },
        "MoveToTarget.Step.mean": {
            "value": 249951.0,
            "min": 49999.0,
            "max": 249951.0,
            "count": 5
        },
        "MoveToTarget.Step.sum": {
            "value": 249951.0,
            "min": 49999.0,
            "max": 249951.0,
            "count": 5
        },
        "MoveToTarget.Policy.ExtrinsicValueEstimate.mean": {
            "value": -1.2068994045257568,
            "min": -8.931050300598145,
            "max": -0.39583754539489746,
            "count": 5
        },
        "MoveToTarget.Policy.ExtrinsicValueEstimate.sum": {
            "value": -1158.6234130859375,
            "min": -59130.30859375,
            "max": -390.691650390625,
            "count": 5
        },
        "MoveToTarget.Environment.CumulativeReward.mean": {
            "value": -3.2378223495702008,
            "min": -9.94321503131524,
            "max": -1.2727272727272727,
            "count": 5
        },
        "MoveToTarget.Environment.CumulativeReward.sum": {
            "value": -1130.0,
            "min": -119070.0,
            "max": -490.0,
            "count": 5
        },
        "MoveToTarget.Policy.ExtrinsicReward.mean": {
            "value": -3.2378223495702008,
            "min": -9.94321503131524,
            "max": -1.2727272727272727,
            "count": 5
        },
        "MoveToTarget.Policy.ExtrinsicReward.sum": {
            "value": -1130.0,
            "min": -119070.0,
            "max": -490.0,
            "count": 5
        },
        "MoveToTarget.Losses.PolicyLoss.mean": {
            "value": 0.02510679240493725,
            "min": 0.018914626243058588,
            "max": 0.02604563729837537,
            "count": 5
        },
        "MoveToTarget.Losses.PolicyLoss.sum": {
            "value": 0.12553396202468625,
            "min": 0.09457313121529294,
            "max": 0.12553396202468625,
            "count": 5
        },
        "MoveToTarget.Losses.ValueLoss.mean": {
            "value": 3.973936394055684,
            "min": 2.731823176542918,
            "max": 16.156272713343302,
            "count": 5
        },
        "MoveToTarget.Losses.ValueLoss.sum": {
            "value": 19.86968197027842,
            "min": 13.65911588271459,
            "max": 64.62509085337321,
            "count": 5
        },
        "MoveToTarget.Policy.LearningRate.mean": {
            "value": 0.00016446196517935996,
            "min": 0.00016446196517935996,
            "max": 0.0002846376051208,
            "count": 5
        },
        "MoveToTarget.Policy.LearningRate.sum": {
            "value": 0.0008223098258967999,
            "min": 0.0008223098258967999,
            "max": 0.0012845748718083995,
            "count": 5
        },
        "MoveToTarget.Policy.Epsilon.mean": {
            "value": 0.15482064,
            "min": 0.15482064,
            "max": 0.19487919999999995,
            "count": 5
        },
        "MoveToTarget.Policy.Epsilon.sum": {
            "value": 0.7741032,
            "min": 0.7741032,
            "max": 0.9281915999999999,
            "count": 5
        },
        "MoveToTarget.Policy.Beta.mean": {
            "value": 0.0027455499360000005,
            "min": 0.0027455499360000005,
            "max": 0.00474447208,
            "count": 5
        },
        "MoveToTarget.Policy.Beta.sum": {
            "value": 0.013727749680000003,
            "min": 0.013727749680000003,
            "max": 0.021416760839999997,
            "count": 5
        },
        "MoveToTarget.IsTraining.mean": {
            "value": 1.0,
            "min": 1.0,
            "max": 1.0,
            "count": 5
        },
        "MoveToTarget.IsTraining.sum": {
            "value": 1.0,
            "min": 1.0,
            "max": 1.0,
            "count": 5
        }
    },
    "metadata": {
        "timer_format_version": "0.1.0",
        "start_time_seconds": "1693819962",
        "python_version": "3.9.13 (tags/v3.9.13:6de2ca5, May 17 2022, 16:36:42) [MSC v.1929 64 bit (AMD64)]",
        "command_line_arguments": "C:\\NamiqDev\\Assets\\Unity-MLAgents\\Unity-MLAgents\\venv\\Scripts\\mlagents-learn --run-id=Test1",
        "mlagents_version": "0.30.0",
        "mlagents_envs_version": "0.30.0",
        "communication_protocol_version": "1.5.0",
        "pytorch_version": "2.0.1+cpu",
        "numpy_version": "1.21.2",
        "end_time_seconds": "1693820265"
    },
    "total": 303.0816086,
    "count": 1,
    "self": 0.013150499999994736,
    "children": {
        "run_training.setup": {
            "total": 0.018813499999999816,
            "count": 1,
            "self": 0.018813499999999816
        },
        "TrainerController.start_learning": {
            "total": 303.04964459999997,
            "count": 1,
            "self": 0.8043142000008743,
            "children": {
                "TrainerController._reset_env": {
                    "total": 4.811246,
                    "count": 1,
                    "self": 4.811246
                },
                "TrainerController.advance": {
                    "total": 297.32678569999916,
                    "count": 60701,
                    "self": 0.7461682000056271,
                    "children": {
                        "env_step": {
                            "total": 247.4944883999964,
                            "count": 60701,
                            "self": 225.08613069999288,
                            "children": {
                                "SubprocessEnvManager._take_step": {
                                    "total": 21.91204420000041,
                                    "count": 60701,
                                    "self": 1.9998319000015847,
                                    "children": {
                                        "TorchPolicy.evaluate": {
                                            "total": 19.912212299998824,
                                            "count": 48027,
                                            "self": 19.912212299998824
                                        }
                                    }
                                },
                                "workers": {
                                    "total": 0.496313500003132,
                                    "count": 60700,
                                    "self": 0.0,
                                    "children": {
                                        "worker_root": {
                                            "total": 291.7638699999967,
                                            "count": 60700,
                                            "is_parallel": true,
                                            "self": 109.01111269999919,
                                            "children": {
                                                "steps_from_proto": {
                                                    "total": 0.00039210000000000633,