{"count":1,"self":86.619616,"total":527.6880814,"children":{"InitializeActuators":{"count":8,"self":0.00099969999999999985,"total":0.00099969999999999985,"children":null},"InitializeSensors":{"count":8,"self":0,"total":0,"children":null},"AgentSendState":{"count":123017,"self":0.2766946,"total":1.4802362999999998,"children":{"CollectObservations":{"count":196832,"self":0.24466349999999998,"total":0.24466349999999998,"children":null},"WriteActionMask":{"count":196832,"self":0.0289653,"total":0.0289653,"children":null},"RequestDecision":{"count":196832,"self":0.2777013,"total":0.92991289999999993,"children":{"AgentInfo.ToProto":{"count":196832,"self":0.21278039999999998,"total":0.6522116,"children":{"GenerateSensorData":{"count":196832,"self":0.43943119999999997,"total":0.43943119999999997,"children":null}}}}}}},"DecideAction":{"count":123017,"self":360.7111936,"total":360.7111918,"children":null},"AgentAct":{"count":123017,"self":78.7811136,"total":78.8760386,"children":{"AgentInfo.ToProto":{"count":13123,"self":0.0259875,"total":0.0949233,"children":{"GenerateSensorData":{"count":13123,"self":0.068935799999999992,"total":0.068935799999999992,"children":null}}}}}},"gauges":{"BallBalanceAgent.CumulativeReward":{"count":13123,"max":2.89999843,"min":-0.09999988,"runningAverage":0.479654551,"value":0.9000002,"weightedAverage":0.5035136}},"metadata":{"timer_format_version":"0.1.0","start_time_seconds":"1701254530","unity_version":"2021.3.19f1","command_line_arguments":"C:\\Program Files\\Unity\\Editors\\2021.3.19f1\\Editor\\Unity.exe -projectpath C:\\Users\\namig.huseynov\\Documents\\NamiqDev\\Assets\\Unity-MLAgents\\Unity-MLAgents -useHub -hubIPC -cloudEnvironment production -licensingIpc LicenseClient-namig.huseynov -hubSessionId 86748d75-afcb-480b-bf13-706c08b6cae7 -accessToken lfttpQAhFKaPhSvoymFazvy3zyrU0g-vurUdKptVgcw011f","communication_protocol_version":"1.5.0","com.unity.ml-agents_version":"2.0.1","scene_name":"BallBalanceExample","end_time_seconds":"1701255058"}}