{
    "name": "root",
    "gauges": {
        "BallAgent.Policy.Entropy.mean": {
            "value": 0.7381892800331116,
            "min": 0.7374513149261475,
            "max": 0.8615862727165222,
            "count": 50
        },
        "BallAgent.Policy.Entropy.sum": {
            "value": 7440.9482421875,
            "min": 7277.73779296875,
            "max": 9020.505859375,
            "count": 50
        },
        "BallAgent.Step.mean": {
            "value": 499945.0,
            "min": 9963.0,
            "max": 499945.0,
            "count": 50
        },
        "BallAgent.Step.sum": {
            "value": 499945.0,
            "min": 9963.0,
            "max": 499945.0,
            "count": 50
        },
        "BallAgent.Policy.ExtrinsicValueEstimate.mean": {
            "value": -0.41206666827201843,
            "min": -3.386878252029419,
            "max": 1.4186758995056152,
            "count": 50
        },
        "BallAgent.Policy.ExtrinsicValueEstimate.sum": {
            "value": -64.28240203857422,
            "min": -602.8643188476562,
            "max": 232.66285705566406,
            "count": 50
        },
        "BallAgent.Losses.PolicyLoss.mean": {
            "value": 0.24054178997561862,
            "min": 0.23559484285240212,
            "max": 0.25472093023093306,
            "count": 50
        },
        "BallAgent.Losses.PolicyLoss.sum": {
            "value": 17.078467088268923,
            "min": 5.349139534849594,
            "max": 18.38911504973207,
            "count": 50
        },
        "BallAgent.Losses.ValueLoss.mean": {
            "value": 0.08043005907026715,
            "min": 0.006868902928108284,
            "max": 1.0910184071375642,
            "count": 50
        },
        "BallAgent.Losses.ValueLoss.sum": {
            "value": 5.710534193988968,
            "min": 0.49456101082379644,
            "max": 49.09449968590756,
            "count": 50
        },
        "BallAgent.Policy.LearningRate.mean": {
            "value": 2.9914961859661975e-06,
            "min": 2.9914961859661975e-06,
            "max": 0.00029578551569054285,
            "count": 50
        },
        "BallAgent.Policy.LearningRate.sum": {
            "value": 0.00021239622920360003,
            "min": 0.00021239622920360003,
            "max": 0.019922892659035997,
            "count": 50
        },
        "BallAgent.Policy.Epsilon.mean": {
            "value": 0.10099713239436621,
            "min": 0.10099713239436621,
            "max": 0.19859517142857147,
            "count": 50
        },
        "BallAgent.Policy.Epsilon.sum": {
            "value": 7.1707964,
            "min": 4.170498600000001,
            "max": 13.940964,
            "count": 50
        },
        "BallAgent.Policy.Beta.mean": {
            "value": 0.0005,
            "min": 0.0005,
            "max": 0.0005000000000000001,
            "count": 50
        },
        "BallAgent.Policy.Beta.sum": {
            "value": 0.035500000000000004,
            "min": 0.010500000000000002,
            "max": 0.037500000000000006,
            "count": 50
        },
        "BallAgent.Environment.EpisodeLength.mean": {
            "value": 396.5,
            "min": 138.84615384615384,
            "max": 3945.5,
            "count": 50
        },
        "BallAgent.Environment.EpisodeLength.sum": {
            "value": 793.0,
            "min": 495.0,
            "max": 35403.0,
            "count": 50
        },
        "BallAgent.Environment.CumulativeReward.mean": {
            "value": -10.0,
            "min": -10.0,
            "max": 6.842105263157895,
            "count": 50
        },
        "BallAgent.Environment.CumulativeReward.sum": {
            "value": -20.0,
            "min": -330.0,
            "max": 130.0,
            "count": 50
        },
        "BallAgent.Policy.ExtrinsicReward.mean": {
            "value": -10.0,
            "min": -10.0,
            "max": 6.842105263157895,
            "count": 50
        },
        "BallAgent.Policy.ExtrinsicReward.sum": {
            "value": -20.0,
            "min": -330.0,
            "max": 130.0,
            "count": 50
        },
        "BallAgent.IsTraining.mean": {
            "value": 1.0,
            "min": 1.0,
            "max": 1.0,
            "count": 50
        },
        "BallAgent.IsTraining.sum": {
            "value": 1.0,
            "min": 1.0,
            "max": 1.0,
            "count": 50
        }
    },
    "metadata": {
        "timer_format_version": "0.1.0",
        "start_time_seconds": "1693908005",
        "python_version": "3.9.13 (tags/v3.9.13:6de2ca5, May 17 2022, 16:36:42) [MSC v.1929 64 bit (AMD64)]",
        "command_line_arguments": "C:\\NamiqDev\\Assets\\Unity-MLAgents\\Unity-MLAgents\\venv\\Scripts\\mlagents-learn config/BallAgent.yaml --initialize-from=TestParameters3 --run-id=TestParameters4",
        "mlagents_version": "0.30.0",
        "mlagents_envs_version": "0.30.0",
        "communication_protocol_version": "1.5.0",
        "pytorch_version": "2.0.1+cpu",
        "numpy_version": "1.21.2",
        "end_time_seconds": "1693908449"
    },
    "total": 444.47967550000004,
    "count": 1,
    "self": 0.004709800000057385,
    "children": {
        "run_training.setup": {
            "total": 0.06228210000000001,
            "count": 1,
            "self": 0.06228210000000001
        },
        "TrainerController.start_learning": {
            "total": 444.4126836,
            "count": 1,
            "self": 0.3133148000043775,
            "children": {
                "TrainerController._reset_env": {
                    "total": 5.423284600000001,
                    "count": 1,
                    "self": 5.423284600000001
                },
                "TrainerController.advance": {
                    "total": 438.65010919999565,
                    "count": 21391,
                    "self": 0.276067799996099,
                    "children": {
                        "env_step": {
                            "total": 101.49727549999781,
                            "count": 21391,
                            "self": 91.29210229999536,
                            "children": {
                                "SubprocessEnvManager._take_step": {
                                    "total": 10.025330500001074,
                                    "count": 21391,
                                    "self": 1.037079599998318,
                                    "children": {
                                        "TorchPolicy.evaluate": {
                                            "total": 8.988250900002756,
                                            "count": 20869,
                                            "self": 8.988250900002756
                                        }
                                    }
                                },
                                "workers": {
                                    "total": 0.1798427000013758,
                                    "count": 21391,
                                    "self": 0.0,
                                    "children": {
                                        "worker_root": {
                                            "total": 438.5562174999974,
                                            "count": 21391,
                                            "is_parallel": true,
                                            "self": 367.9480602000007,
                                            "children": {
                                                "steps_from_proto": {
                                                    "total": 0.00029349999999972454,
                                                    "count": 1,