{
    "name": "root",
    "gauges": {
        "BallAgent.Policy.Entropy.mean": {
            "value": 0.25894999504089355,
            "min": 0.25894999504089355,
            "max": 0.5118906497955322,
            "count": 50
        },
        "BallAgent.Policy.Entropy.sum": {
            "value": 2666.149169921875,
            "min": 2506.486572265625,
            "max": 5472.44921875,
            "count": 50
        },
        "BallAgent.Step.mean": {
            "value": 499952.0,
            "min": 9968.0,
            "max": 499952.0,
            "count": 50
        },
        "BallAgent.Step.sum": {
            "value": 499952.0,
            "min": 9968.0,
            "max": 499952.0,
            "count": 50
        },
        "BallAgent.Policy.ExtrinsicValueEstimate.mean": {
            "value": -501.115234375,
            "min": -558.8233642578125,
            "max": -106.15672302246094,
            "count": 50
        },
        "BallAgent.Policy.ExtrinsicValueEstimate.sum": {
            "value": -78675.09375,
            "min": -88294.09375,
            "max": -17197.388671875,
            "count": 50
        },
        "BallAgent.Losses.PolicyLoss.mean": {
            "value": 0.24379113389530283,
            "min": 0.23701499475308793,
            "max": 0.25096673983504114,
            "count": 50
        },
        "BallAgent.Losses.PolicyLoss.sum": {
            "value": 17.552961640461803,
            "min": 5.94326661141639,
            "max": 19.1714109699355,
            "count": 50
        },
        "BallAgent.Losses.ValueLoss.mean": {
            "value": 2082.57566519144,
            "min": 25.742428298138535,
            "max": 15002.071154034456,
            "count": 50
        },
        "BallAgent.Losses.ValueLoss.sum": {
            "value": 149945.44789378368,
            "min": 1853.4548374659746,
            "max": 406481.2631019464,
            "count": 50
        },
        "BallAgent.Policy.LearningRate.mean": {
            "value": 2.9794156735611113e-06,
            "min": 2.9794156735611113e-06,
            "max": 0.00029613322628892495,
            "count": 50
        },
        "BallAgent.Policy.LearningRate.sum": {
            "value": 0.0002145179284964,
            "min": 0.0002145179284964,
            "max": 0.0191201969266014,
            "count": 50
        },
        "BallAgent.Policy.Epsilon.mean": {
            "value": 0.10099310555555557,
            "min": 0.10099310555555557,
            "max": 0.198711075,
            "count": 50
        },
        "BallAgent.Policy.Epsilon.sum": {
            "value": 7.271503600000001,
            "min": 4.7690658,
            "max": 13.873398600000002,
            "count": 50
        },
        "BallAgent.Policy.Beta.mean": {
            "value": 0.0005,
            "min": 0.0005,
            "max": 0.0005000000000000001,
            "count": 50
        },
        "BallAgent.Policy.Beta.sum": {
            "value": 0.036000000000000004,
            "min": 0.012,
            "max": 0.03950000000000001,
            "count": 50
        },
        "BallAgent.Environment.EpisodeLength.mean": {
            "value": 5839.333333333333,
            "min": 243.0,
            "max": 9206.0,
            "count": 36
        },
        "BallAgent.Environment.EpisodeLength.sum": {
            "value": 17518.0,
            "min": 314.0,
            "max": 17518.0,
            "count": 36
        },
        "BallAgent.Environment.CumulativeReward.mean": {
            "value": -29701.0,
            "min": -45531.0,
            "max": -716.9166666666666,
            "count": 36
        },
        "BallAgent.Environment.CumulativeReward.sum": {
            "value": -89103.0,
            "min": -89103.0,
            "max": -2575.0,
            "count": 36
        },
        "BallAgent.Policy.ExtrinsicReward.mean": {
            "value": -29701.0,
            "min": -45531.0,
            "max": -716.9166666666666,
            "count": 36
        },
        "BallAgent.Policy.ExtrinsicReward.sum": {
            "value": -89103.0,
            "min": -89103.0,
            "max": -2575.0,
            "count": 36
        },
        "BallAgent.IsTraining.mean": {
            "value": 1.0,
            "min": 1.0,
            "max": 1.0,
            "count": 50
        },
        "BallAgent.IsTraining.sum": {
            "value": 1.0,
            "min": 1.0,
            "max": 1.0,
            "count": 50
        }
    },
    "metadata": {
        "timer_format_version": "0.1.0",
        "start_time_seconds": "1693910316",
        "python_version": "3.9.13 (tags/v3.9.13:6de2ca5, May 17 2022, 16:36:42) [MSC v.1929 64 bit (AMD64)]",
        "command_line_arguments": "C:\\NamiqDev\\Assets\\Unity-MLAgents\\Unity-MLAgents\\venv\\Scripts\\mlagents-learn config/BallAgent.yaml --initialize-from=TestParameters6 --run-id=TestParameters7",
        "mlagents_version": "0.30.0",
        "mlagents_envs_version": "0.30.0",
        "communication_protocol_version": "1.5.0",
        "pytorch_version": "2.0.1+cpu",
        "numpy_version": "1.21.2",
        "end_time_seconds": "1693910777"
    },
    "total": 460.95418490000003,
    "count": 1,
    "self": 0.015607300000056057,
    "children": {
        "run_training.setup": {
            "total": 0.0618342999999999,
            "count": 1,
            "self": 0.0618342999999999
        },
        "TrainerController.start_learning": {
            "total": 460.8767433,
            "count": 1,
            "self": 0.30515369999704944,
            "children": {
                "TrainerController._reset_env": {
                    "total": 16.3062401,
                    "count": 1,
                    "self": 16.3062401
                },
                "TrainerController.advance": {
                    "total": 444.2420203000029,
                    "count": 20952,
                    "self": 0.2698794000060616,
                    "children": {
                        "env_step": {
                            "total": 99.38552639999862,
                            "count": 20952,
                            "self": 88.98926909999291,
                            "children": {
                                "SubprocessEnvManager._take_step": {
                                    "total": 10.223629400005276,
                                    "count": 20952,
                                    "self": 0.974326600005778,
                                    "children": {
                                        "TorchPolicy.evaluate": {
                                            "total": 9.249302799999498,
                                            "count": 20873,
                                            "self": 9.249302799999498
                                        }
                                    }
                                },
                                "workers": {
                                    "total": 0.17262790000043893,
                                    "count": 20952,
                                    "self": 0.0,
                                    "children": {
                                        "worker_root": {
                                            "total": 444.16706300000226,
                                            "count": 20952,
                                            "is_parallel": true,
                                            "self": 375.268916000005,
                                            "children": {
                                                "steps_from_proto": {
                                                    "total": 0.00030420000000219716,
                                                    "count": 1,