{
    "name": "root",
    "gauges": {
        "BallAgent.Policy.Entropy.mean": {
            "value": 0.8507829308509827,
            "min": 0.8489412665367126,
            "max": 0.9814223051071167,
            "count": 50
        },
        "BallAgent.Policy.Entropy.sum": {
            "value": 8586.1015625,
            "min": 8481.44140625,
            "max": 10128.2783203125,
            "count": 50
        },
        "BallAgent.Environment.EpisodeLength.mean": {
            "value": 236.66666666666666,
            "min": 175.0,
            "max": 13100.5,
            "count": 36
        },
        "BallAgent.Environment.EpisodeLength.sum": {
            "value": 710.0,
            "min": 278.0,
            "max": 48936.0,
            "count": 36
        },
        "BallAgent.Step.mean": {
            "value": 499994.0,
            "min": 9939.0,
            "max": 499994.0,
            "count": 50
        },
        "BallAgent.Step.sum": {
            "value": 499994.0,
            "min": 9939.0,
            "max": 499994.0,
            "count": 50
        },
        "BallAgent.Policy.ExtrinsicValueEstimate.mean": {
            "value": -0.007121221162378788,
            "min": -1.6176992654800415,
            "max": 0.04025218263268471,
            "count": 50
        },
        "BallAgent.Policy.ExtrinsicValueEstimate.sum": {
            "value": -1.1180317401885986,
            "min": -271.7734680175781,
            "max": 6.279340744018555,
            "count": 50
        },
        "BallAgent.Environment.CumulativeReward.mean": {
            "value": -10.0,
            "min": -10.0,
            "max": 10.0,
            "count": 36
        },
        "BallAgent.Environment.CumulativeReward.sum": {
            "value": -30.0,
            "min": -160.0,
            "max": 10.0,
            "count": 36
        },
        "BallAgent.Policy.ExtrinsicReward.mean": {
            "value": -10.0,
            "min": -10.0,
            "max": 10.0,
            "count": 36
        },
        "BallAgent.Policy.ExtrinsicReward.sum": {
            "value": -30.0,
            "min": -160.0,
            "max": 10.0,
            "count": 36
        },
        "BallAgent.Losses.PolicyLoss.mean": {
            "value": 0.2449485448825557,
            "min": 0.2384667000135133,
            "max": 0.25363349516170874,
            "count": 50
        },
        "BallAgent.Losses.PolicyLoss.sum": {
            "value": 19.3509350457219,
            "min": 15.833450857644323,
            "max": 19.561524573898524,
            "count": 50
        },
        "BallAgent.Losses.ValueLoss.mean": {
            "value": 0.00278991775298482,
            "min": 0.0005657858195515861,
            "max": 0.5996666212366089,
            "count": 50
        },
        "BallAgent.Losses.ValueLoss.sum": {
            "value": 0.2204035024858008,
            "min": 0.0446970797445753,
            "max": 38.978330380379575,
            "count": 50
        },
        "BallAgent.Policy.LearningRate.mean": {
            "value": 2.9988990004000003e-06,
            "min": 2.9988990004000003e-06,
            "max": 0.0002965935519047138,
            "count": 50
        },
        "BallAgent.Policy.LearningRate.sum": {
            "value": 0.00023691302103160002,
            "min": 0.00023691302103160002,
            "max": 0.022411708429430598,
            "count": 50
        },
        "BallAgent.Policy.Epsilon.mean": {
            "value": 0.10099960000000001,
            "min": 0.10099960000000001,
            "max": 0.19886451692307694,
            "count": 50
        },
        "BallAgent.Policy.Epsilon.sum": {
            "value": 7.9789684,
            "min": 7.9789684,
            "max": 15.210099199999998,
            "count": 50
        },
        "BallAgent.Policy.Beta.mean": {
            "value": 0.0005000000000000001,
            "min": 0.0005,
            "max": 0.0005000000000000001,
            "count": 50
        },
        "BallAgent.Policy.Beta.sum": {
            "value": 0.03950000000000001,
            "min": 0.0325,
            "max": 0.03950000000000001,
            "count": 50
        },
        "BallAgent.IsTraining.mean": {
            "value": 1.0,
            "min": 1.0,
            "max": 1.0,
            "count": 50
        },
        "BallAgent.IsTraining.sum": {
            "value": 1.0,
            "min": 1.0,
            "max": 1.0,
            "count": 50
        }
    },
    "metadata": {
        "timer_format_version": "0.1.0",
        "start_time_seconds": "1693907458",
        "python_version": "3.9.13 (tags/v3.9.13:6de2ca5, May 17 2022, 16:36:42) [MSC v.1929 64 bit (AMD64)]",
        "command_line_arguments": "C:\\NamiqDev\\Assets\\Unity-MLAgents\\Unity-MLAgents\\venv\\Scripts\\mlagents-learn config/BallAgent.yaml --initialize-from=TestParameters2 --run-id=TestParameters3",
        "mlagents_version": "0.30.0",
        "mlagents_envs_version": "0.30.0",
        "communication_protocol_version": "1.5.0",
        "pytorch_version": "2.0.1+cpu",
        "numpy_version": "1.21.2",
        "end_time_seconds": "1693907966"
    },
    "total": 508.7826988,
    "count": 1,
    "self": 0.005429199999980483,
    "children": {
        "run_training.setup": {
            "total": 0.06577260000000007,
            "count": 1,
            "self": 0.06577260000000007
        },
        "TrainerController.start_learning": {
            "total": 508.711497,
            "count": 1,
            "self": 0.5602330000009488,
            "children": {
                "TrainerController._reset_env": {
                    "total": 5.9579769,
                    "count": 1,
                    "self": 5.9579769
                },
                "TrainerController.advance": {
                    "total": 502.1585585999991,
                    "count": 41833,
                    "self": 0.5157864000028667,
                    "children": {
                        "env_step": {
                            "total": 169.04432920000224,
                            "count": 41833,
                            "self": 149.4273612000091,
                            "children": {
                                "SubprocessEnvManager._take_step": {
                                    "total": 19.272095299997822,
                                    "count": 41833,
                                    "self": 1.8125407000013993,
                                    "children": {
                                        "TorchPolicy.evaluate": {
                                            "total": 17.459554599996423,
                                            "count": 41708,
                                            "self": 17.459554599996423
                                        }
                                    }
                                },
                                "workers": {
                                    "total": 0.34487269999531023,
                                    "count": 41833,
                                    "self": 0.0,
                                    "children": {
                                        "worker_root": {
                                            "total": 502.0174468000025,
                                            "count": 41833,
                                            "is_parallel": true,
                                            "self": 384.2264369000028,
                                            "children": {
                                                "steps_from_proto": {
                                                    "total": 0.0002406999999999826,
                                                    "count": 1,
                                                    "is_parallel": true,